{"bar.png": 0, "bat.png": 1, "blue_bottle.png": 2, "blue_door.png": 3, "blue_gem.png": 4, "blue_key.png": 5, "devil.png": 6, "downstair.png": 7, "general.png": 8, "guard.png": 9, "hero.png": 10, "oldman.png": 11, "red_bottle.png": 12, "red_door.png": 13, "red_gem.png": 14, "red_key.png": 15, "road.png": 16, "shield.png": 17, "shopman.png": 18, "shop_left.png": 19, "shop_mid.png": 20, "shop_right.png": 21, "skeleton.png": 22, "slime.png": 23, "special_door.png": 24, "sword.png": 25, "thief.png": 26, "updown.png": 27, "upstair.png": 28, "wall.png": 29, "wizard.png": 30, "yellow_door.png": 31, "yellow_key.png": 32}